id,nombre,email,fecha_nacimiento,telefono,pais,salario,categoria,fecha_registro
1,Juan Pérez,juan.perez@example.com,1990-01-01,123-456-7890,Colombia,50000,premium,2023-01-01
2,María García,maria.garcia@example.com,1985-02-02,123-456-7891,México,45000,regular,2023-01-02
3,Carlos López,carlos.lopez@example.com,1992-03-03,123-456-7892,Chile,40000,vip,2023-01-03
4,Ana Martínez,ana.martinez@example.com,1988-04-04,123-456-7893,Argentina,55000,premium,2023-01-04
5,Pedro Sánchez,pedro.sanchez@example.com,1995-05-05,123-456-7894,Perú,,regular,2023-01-05
6,Laura Rodríguez,laura.rodriguez@example.com,1980-06-06,123-456-7895,Brasil,60000,vip,2023-01-06
7,Miguel Hernández,miguel.hernandez@example.com,1993-07-07,123-456-7896,Colombia,42000,premium,2023-01-07
8,Isabel González,isabel.gonzalez@example.com,1987-08-08,123-456-7897,México,48000,regular,2023-01-08
9,Francisco Díaz,francisco.diaz@example.com,1991-09-09,123-456-7898,Chile,38000,vip,2023-01-09
10,Carmen Moreno,carmen.moreno@,1984-10-10,123-456-7899,Argentina,52000,premium,2023-01-10
11,Antonio Muñoz,antonio.munoz@example.com,1994-11-11,123-456-7900,Perú,36000,regular,2023-01-11
12,Patricia Álvarez,patricia.alvarez@example.com,1982-12-12,123-456-7901,Brasil,58000,vip,2023-01-12
13,Javier Romero,javier.romero@example.com,1996-01-13,123-456-7902,Colombia,41000,premium,2023-01-13
14,Lucía Jiménez,lucia.jimenez@example.com,1989-02-14,123-456-7903,México,47000,regular,2023-01-14
15,Roberto Ruiz,roberto.ruiz@example.com,1990-03-15,123-456-7904,Chile,-39000,vip,2023-01-15
16,María José Fernández,mariaj.fernandez@example.com,1986-04-16,123-456-7905,Argentina,53000,premium,2023-01-16
17,José Luis Alonso,josel.alonso@example.com,1997-05-17,123-456-7906,Perú,37000,regular,2023-01-17
18,Cristina Gutiérrez,cristina.gutierrez@example.com,1983-06-18,123-456-7907,Brasil,59000,vip,2023-01-18
19,David Moreno,david.moreno@example.com,1992-07-19,123-456-7908,Colombia,43000,premium,2023-01-19
20,Paula Herrera,paula.herrera@example.com,1988-08-20,123-456-7909,México,46000,regular,2023-01-20
21,Álvaro Torres,alvaro.torres@example.com,1995-09-21,123-456-7910,Chile,40000,vip,2023-01-21
22,Sandra Ramos,sandra.ramos@example.com,1981-10-22,123-456-7911,Argentina,54000,premium,2023-01-22
23,Rafael Gil,rafael.gil@example.com,1998-11-23,123-456-7912,Perú,38000,regular,2023-01-23
24,Beatriz Navarro,beatriz.navarro@example.com,1984-12-24,123-456-7913,Brasil,57000,vip,2023-01-24
25,,manuel.rubio@example.com,1991-01-25,123-456-7914,Colombia,44000,premium,2023-01-25
26,Teresa Serrano,teresa.serrano@example.com,1987-02-26,123-456-7915,México,49000,regular,2023-01-26
27,Ignacio Medina,ignacio.medina@example.com,1994-03-27,123-456-7916,Chile,41000,vip,2023-01-27
28,Raquel Castro,raquel.castro@example.com,1982-04-28,123-456-7917,Argentina,56000,premium,2023-01-28
29,Alberto Ortega,alberto.ortega@example.com,1999-05-29,123-456-7918,Perú,39000,regular,2023-01-29
30,Inés Delgado,ines.delgado@example.com,1985-06-30,,Brasil,60000,vip,2023-01-30
31,Fernando Ramírez,fernando.ramirez@example.com,1993-07-01,123-456-7920,Colombia,45000,premium,2023-02-01
32,Silvia Guerrero,silvia.guerrero@example.com,1989-08-02,123-456-7921,México,48000,regular,2023-02-02
33,Jorge Vega,jorge.vega@example.com,1996-09-03,123-456-7922,Chile,42000,vip,2023-02-03
34,Alba Flores,alba.flores@example.com,1983-10-04,123-456-7923,Argentina,55000,premium,2023-02-04
35,Adrián León,adrian.leon@example.com,1990-11-05,123-456-7924,Perú,40000,marketin,2023-02-05
36,Julia Peña,julia.pena@example.com,1986-12-06,123-456-7925,Brasil,58000,vip,2023-02-06
37,Víctor Morales,victor.morales@example.com,1997-01-07,123-456-7926,Colombia,43000,premium,2023-02-07
38,Sonia Aguilar,sonia.aguilar@example.com,1984-02-08,123-456-7927,México,47000,regular,2023-02-08
39,Rubén Lorenzo,ruben.lorenzo@example.com,1992-03-09,123-456-7928,Chile,44000,vip,2023-02-09
40,Pilar Mendoza,pilar.mendoza@example.com,1988-04-10,123-456-7929,,52000,premium,2023-02-10
41,Óscar Sánchez,oscar.sanchez@example.com,1995-05-11,123-456-7930,Perú,41000,regular,2023-02-11
42,Concepción Blanco,concepcion.blanco@example.com,1981-06-12,123-456-7931,Brasil,59000,vip,2023-02-12
43,Salvador Domínguez,salvador.dominguez@example.com,1998-07-13,123-456-7932,Colombia,46000,premium,2023-02-13
44,Nuria Prieto,nuria.prieto@example.com,1985-08-14,123-456-7933,México,50000,regular,2023-02-14
45,Guillermo Vargas,guillermo.vargas@ example.com,1991-09-15,123-456-7934,Chile,43000,vip,2023-02-15
46,Esperanza Cortés,esperanza.cortes@example.com,1987-10-16,123-456-7935,Argentina,54000,premium,2023-02-16
47,Emilio Cabrera,emilio.cabrera@example.com,1994-11-17,123-456-7936,Perú,42000,regular,2023-02-17
48,Amparo Reyes,amparo.reyes@example.com,1982-12-18,123-456-7937,Brasil,57000,vip,2023-02-18
49,Gonzalo Nieto,gonzalo.nieto@example.com,1999-01-19,123-456-7938,Colombia,45000,premium,2023-02-19
50,Marina Carrasco,marina.carrasco@example.com,1986-02-28,123-456-7939,México,49000,regular,2023-02-20
51,Joel Ibáñez,joel.ibanez@example.com,1993-03-21,123-456-7940,Chile,41000,vip,2023-02-21
52,Verónica Calvo,veronica.calvo@example.com,1989-04-22,123-456-7941,Argentina,53000,premium,2023-02-22
53,Hugo Aguilar,hugo.aguilar@example.com,1996-05-23,123-456-7942,Perú,44000,regular,2023-02-23
54,Regina Gallardo,regina.gallardo@example.com,1983-06-24,123-456-7943,Brasil,56000,vip,2023-02-24
55,Tomás Santana,tomas.santana@example.com,1990-07-25,123-456-7944,Colombia,47000,premium,2023-02-25
56,Esther Vega,esther.vega@example.com,1987-08-26,123-456-7945,México,51000,regular,2023-02-26
57,Leonardo Fuentes,leonardo.fuentes@example.com,1994-09-27,123-456-7946,Chile,42000,vip,2023-02-27
58,Ángela Robles,angela.robles@example.com,1984-10-28,123-456-7947,Argentina,55000,premium,2023-02-28
59,César León,cesar.leon@example.com,1997-11-29,123-456-7948,Perú,43000,regular,2023-03-01
60,Consuelo Márquez,consuelo.marquez@example.com,1981-12-30,123-456-7949,Brasil,58000,vip,2023-03-02
61,Felipe Suárez,felipe.suarez@example.com,1992-01-31,123-456-7950,Colombia,46000,premium,2023-03-03
62,Luisa Ortega,luisa.ortega@example.com,1988-02-01,123-456-7951,México,50000,regular,2023-03-04
63,Ricardo Delgado,ricardo.delgado@example.com,1995-03-02,123-456-7952,Chile,41000,vip,2023-03-05
64,Elisa Ramírez,elisa.ramirez@example.com,1985-04-03,123-456-7953,Argentina,54000,premium,2023-03-06
65,Enrique Peña,enrique.pena@example.com,1998-05-04,telefono_invalido,Perú,45000,regular,2023-03-07
66,Montserrat Morales,montserrat.morales@example.com,1982-06-05,123-456-7955,Brasil,57000,vip,2023-03-08
67,Sebastián Aguilar,sebastian.aguilar@example.com,1991-07-06,123-456-7956,Colombia,48000,premium,2023-03-09
68,Carolina Lorenzo,carolina.lorenzo@example.com,1986-08-07,123-456-7957,México,52000,regular,2023-03-10
69,Jaime Mendoza,jaime.mendoza@example.com,1993-09-08,123-456-7958,Chile,42000,vip,2023-03-11
70,Rosa123 Blanco,rosa.blanco@example.com,1989-10-09,123-456-7959,Argentina,56000,premium,2023-03-12
71,Iván Domínguez,ivan.dominguez@example.com,1996-11-10,123-456-7960,Perú,44000,regular,2023-03-13
72,Andrea Prieto,andrea.prieto@example.com,1983-12-11,123-456-7961,Brasil,59000,vip,2023-03-14
73,Marcos Vargas,marcos.vargas@example.com,1990-01-12,123-456-7962,Colombia,47000,premium,2023-03-15
74,Belén Cortés,belen.cortes@example.com,1987-02-13,123-456-7963,México,51000,regular,2023-03-16
75,Ángel Cabrera,angel.cabrera@example.com,1994-03-14,Chille,43000,vip,,2023-03-17
76,Clara Reyes,clara.reyes@example.com,1984-04-15,123-456-7965,Argentina,55000,premium,2023-03-18
77,Hugo Nieto,hugo.nieto@example.com,1997-05-16,123-456-7966,Perú,46000,regular,2023-03-19
78,Patricia Carrasco,patricia.carrasco@example.com,1981-06-17,123-456-7967,Brasil,58000,vip,2023-03-20
79,Eduardo Ibáñez,eduardo.ibanez@example.com,1992-07-18,123-456-7968,Colombia,49000,premium,2023-03-21
80,María Calvo,,1988-08-19,123-456-7969,México,53000,regular,2023-03-22
81,Santiago Gallardo,santiago.gallardo@example.com,1995-09-20,123-456-7970,Chile,41000,vip,2023-03-23
82,Carmen Santana,carmen.santana@example.com,1985-10-21,123-456-7971,Argentina,57000,premium,2023-03-24
83,Daniel Vega,daniel.vega@example.com,1998-11-22,123-456-7972,Perú,45000,regular,2023-03-25
84,Alicia Fuentes,alicia.fuentes@example.com,1982-12-23,123-456-7973,Brasil,60000,vip,2023-03-26
85,Jorge Robles,jorge.robles@example.com,1991-01-24,123-456-7974,Colombia,48000,premium,2023-03-27
86,Laura León,laura.leon@example.com,1986-02-25,123-456-7975,México,52000,regular,2023-03-28
87,Pablo Márquez,pablo.marquez@example.com,1993-03-26,123-456-7976,Chile,42000,vip,2023-03-29
88,Sofía Suárez,sofia.suarez@example.com,1989-04-27,123-456-7977,Argentina,56000,premium,2023-03-30
89,Adrián Ortega,adrian.ortega@example.com,1996-05-28,123-456-7978,Perú,44000,regular,2023-03-31
90,Marta Delgado,marta.delgado@example.com,1983-06-29,123-456-7979,Brasil,59000,,2023-04-01
91,Rubén Ramírez,ruben.ramirez@example.com,1990-07-30,123-456-7980,Colombia,47000,premium,2023-04-02
92,Ana Peña,ana.pena@example.com,1987-08-31,123-456-7981,México,51000,regular,2023-04-03
93,Carlos Morales,carlos.morales@example.com,1994-09-01,123-456-7982,Chile,43000,vip,2023-04-04
94,Lucía Aguilar,lucia.aguilar@example.com,1984-10-02,123-456-7983,Argentina,55000,premium,2023-04-05
95,José Lorenzo,jose.lorenzo@example.com,1997-11-03,,Perú,46000,regular,2023-04-06
96,María Mendoza,maria.mendoza@example.com,1981-12-04,123-456-7985,Brasil,58000,vip,2023-04-07
97,Antonio Blanco,antonio.blanco@example.com,1992-01-05,123-456-7986,Colombia,49000,premium,2023-04-08
98,Isabel Domínguez,isabel.dominguez@example.com,1988-02-06,123-456-7987,México,53000,regular,2023-04-09
99,Francisco Prieto,francisco.prieto@example.com,1995-03-07,123-456-7988,Chile,41000,vip,2023-04-10
100,Carmen Vargas,carmen.vargas@example.com,1985-04-08,123-456-7989,Argentina,-57000,premium,2023-04-11
101,Manuel Cortés,manuel.cortes@example.com,1998-05-09,123-456-7990,Perú,45000,regular,2023-04-12
102,Patricia Cabrera,patricia.cabrera@example.com,1982-06-10,123-456-7991,Brasil,60000,vip,2023-04-13
103,Javier Reyes,javier.reyes@example.com,1991-07-11,123-456-7992,Colombia,48000,premium,2023-04-14
104,Laura Nieto,laura.nieto@example.com,1986-08-12,123-456-7993,México,52000,regular,2023-04-15
105,Miguel Carrasco,miguel.carrasco@,1993-09-13,123-456-7994,Chile,42000,vip,2023-04-16
106,Ana Ibáñez,ana.ibanez@example.com,1989-10-14,123-456-7995,Argentina,56000,premium,2023-04-17
107,Carlos Calvo,carlos.calvo@example.com,1996-11-15,123-456-7996,Perú,44000,regular,2023-04-18
108,María Gallardo,maria.gallardo@example.com,1983-12-16,123-456-7997,Brasil,59000,vip,2023-04-19
109,Pedro Santana,pedro.santana@example.com,1990-01-17,123-456-7998,Colombia,47000,premium,2023-04-20
110,Laura Vega,laura.vega@example.com,1987-02-18,123-456-7999,México,51000,regular,2023-04-21
111,José Fuentes,jose.fuentes@example.com,1994-03-19,123-456-8000,Chile,43000,vip,2023-04-22
112,Carmen Robles,carmen.robles@example.com,1984-04-20,123-456-8001,Argentina,55000,premium,2023-04-23
113,Antonio León,antonio.leon@example.com,1997-05-21,123-456-8002,Perú,46000,regular,2023-04-24
114,Isabel Márquez,isabel.marquez@example.com,1981-06-22,123-456-8003,Brasil,58000,vip,2023-04-25
115,Francisco Suárez,francisco.suarez@example.com,1992-07-23,123-456-8004,Colombia,49000,premium,2023-04-26
116,María Ortega,maria.ortega@example.com,1988-08-24,123-456-8005,México,53000,regular,2023-04-27
117,Jorge Delgado,jorge.delgado@example.com,1995-09-25,123-456-8006,Chile,41000,vip,2023-04-28
118,Ana Ramírez,ana.ramirez@example.com,1985-10-26,123-456-8007,Argentina,57000,premium,2023-04-29
119,Pedro Peña,pedro.pena@example.com,1998-11-27,123-456-8008,Perú,45000,regular,2023-04-30
120,Laura Morales,laura.morales@example.com,1982-12-28,123-456-8009,Brasil,60000,vip,2023-05-01
